{
    "name": "TelCordv2 (forwardOnly)",
    "flow": [
        {
            "id": 1,
            "module": "telegram:WatchUpdates",
            "version": 1,
            "parameters": {
                "__IMTHOOK__": 190438
            },
            "mapper": {},
            "metadata": {
                "designer": {
                    "x": 0,
                    "y": 150
                },
                "restore": {
                    "__IMTHOOK__": {
                        "label": "My TelCord Connection"
                    }
                },
                "parameters": [
                    {
                        "name": "__IMTHOOK__",
                        "type": "hook",
                        "label": "Connection",
                        "required": true
                    }
                ]
            }
        },
        {
            "id": 3,
            "module": "builtin:BasicRouter",
            "version": 1,
            "filter": {
                "name": "",
                "conditions": [
                    [
                        {
                            "a": "{{1.update_id}}",
                            "b": "",
                            "o": "exist"
                        },
                        {
                            "a": "{{1.message.forward_from}}",
                            "b": "",
                            "o": "exist"
                        }
                    ]
                ]
            },
            "mapper": null,
            "metadata": {
                "designer": {
                    "x": 300,
                    "y": 150
                }
            },
            "routes": [
                {
                    "flow": [
                        {
                            "id": 2,
                            "module": "discord:PostMessage",
                            "version": 1,
                            "parameters": {
                                "__IMTCONN__": 726095
                            },
                            "filter": {
                                "name": "forwardonly",
                                "conditions": [
                                    [
                                        {
                                            "a": "{{1.message.attachment.file_id}}",
                                            "b": "",
                                            "o": "notexist"
                                        }
                                    ]
                                ]
                            },
                            "mapper": {
                                "content": "From: {{1.message.from.username}}\n{{1.message.text}}\n{{1.message.photo}}",
                                "moduleWebhookUrl": ""
                            },
                            "metadata": {
                                "designer": {
                                    "x": 600,
                                    "y": 0
                                },
                                "restore": {
                                    "__IMTCONN__": {
                                        "label": "My Discord Connection"
                                    }
                                },
                                "parameters": [
                                    {
                                        "name": "__IMTCONN__",
                                        "type": "account",
                                        "label": "Connection",
                                        "required": true
                                    }
                                ],
                                "expect": [
                                    {
                                        "name": "content",
                                        "type": "text",
                                        "label": "Content",
                                        "required": true
                                    },
                                    {
                                        "name": "moduleWebhookUrl",
                                        "type": "url"
                                    }
                                ]
                            }
                        }
                    ]
                },
                {
                    "flow": [
                        {
                            "id": 4,
                            "module": "discord:PostMessageWithFile",
                            "version": 1,
                            "parameters": {
                                "__IMTCONN__": 726095
                            },
                            "filter": {
                                "name": "",
                                "conditions": [
                                    [
                                        {
                                            "a": "{{1.message.attachment.file_id}}",
                                            "b": "",
                                            "o": "exist"
                                        }
                                    ]
                                ]
                            },
                            "mapper": {
                                "data": "{{1.message.document}}\n{{1.message.attachment}}",
                                "content": "From {{1.message.from.username}}\n{{1.message.photo}}\n{{1.message.document}}\n{{1.message.attachment}}",
                                "filename": "{{1.message.attachment.file_id}}",
                                "moduleWebhookUrl": ""
                            },
                            "metadata": {
                                "designer": {
                                    "x": 600,
                                    "y": 300
                                },
                                "restore": {
                                    "__IMTCONN__": {
                                        "label": "My Discord Connection"
                                    }
                                },
                                "parameters": [
                                    {
                                        "name": "__IMTCONN__",
                                        "type": "account",
                                        "label": "Connection",
                                        "required": true
                                    }
                                ],
                                "expect": [
                                    {
                                        "name": "content",
                                        "type": "text",
                                        "label": "Content",
                                        "required": true
                                    },
                                    {
                                        "mean": "name",
                                        "name": "filename",
                                        "type": "text",
                                        "label": "File name",
                                        "required": true
                                    },
                                    {
                                        "mean": "data",
                                        "name": "data",
                                        "type": "buffer",
                                        "label": "Data",
                                        "required": true
                                    },
                                    {
                                        "name": "moduleWebhookUrl",
                                        "type": "url"
                                    }
                                ]
                            }
                        }
                    ]
                }
            ]
        }
    ],
    "metadata": {
        "version": 1,
        "scenario": {
            "roundtrips": 1,
            "maxErrors": 3,
            "autoCommit": false,
            "sequential": false,
            "confidential": true,
            "dataloss": false,
            "dlq": false
        },
        "designer": {
            "orphans": []
        },
        "zone": "eu1.integromat.com"
    }
}